industry,country
Food,United States
Food,India
Marketing,United States
Marketing,United States
Marketing,United States
Marketing,United States
Marketing,United States
Marketing,United States
Marketing,United States
Food,United States
Food,United States
Food,United States
Food,United States
Food,United States
Food,United States
Marketing,United States
Food,United States
Marketing,United States
Food,United States
Food,United States
Food,United States
Marketing,United States
Marketing,United States
Marketing,United States
Marketing,United States
Food,United States
Marketing,United States
Food,United States
Food,United States
Marketing,United States
Food,United States
Food,United States
Food,United States
Food,United States
Food,India
Marketing,United States
Food,United States
Food,United States
Marketing,United States
Marketing,United States
Food,United States
Marketing,United States
Food,United States
Marketing,United States
Food,United States
Food,United States
Food,India
Marketing,United States
Marketing,United States
Food,United States
Food,United States
Food,United States
Marketing,United States
Marketing,United States
Marketing,United States
Food,United States
Marketing,United States
Marketing,United States
Marketing,United States
Marketing,United States
Marketing,United States
Food,India
Food,United States
Food,United States
Marketing,United States
Food,United States
Food,United States
Marketing,United States
Food,United States
Marketing,United States
Food,United States
Food,United States
Food,United States
Food,United States
Food,India
Food,United States
Food,United States
Food,United States
Marketing,India
Marketing,United States
Food,United States
Food,India
Marketing,United States
Marketing,United States
Marketing,United States
Marketing,United States
Marketing,United States
Marketing,India
Food,India
Food,India
Marketing,United States
Marketing,United States
Marketing,United States
Food,United States
Food,United States
Marketing,United States
Marketing,United States
Marketing,United States
Marketing,United States
Food,India
Marketing,United States
Food,United States
Marketing,United States
Food,United States
Marketing,India
Marketing,United States
Marketing,United States
Food,United States
Marketing,United States
Marketing,United States
Marketing,United States
Marketing,United States
Food,United States
Marketing,United States
Food,United States
Food,United States
Marketing,United States
Marketing,United States
Marketing,United States
Marketing,United States
Marketing,United States
Marketing,United States
Marketing,United States
Marketing,United States
Food,United States
Marketing,United States
Marketing,United States
Marketing,United States
Marketing,United States
Marketing,United States
Marketing,United States
Marketing,United States
Marketing,United States
Food,United States
Marketing,United States
Food,United States
Food,United States
Food,United States
Marketing,United States
Marketing,United States
Marketing,United States
Food,United States
Marketing,United States
Marketing,United States
